,VehicleID,Ruta,Distancia (Km),# Destinos entregados,Range(Km)
0,1,0-12-0,11.88371712502287,1,170
1,2,0-3-2-19-7-21-0,37.103829311732056,5,200
2,3,0-0,0.0,0,180
3,4,0-14-23-0,9.170683976160392,2,90
4,5,0-20-0,7.056246270146324,1,100
5,6,0-0,0.0,0,170
6,7,0-5-8-18-6-13-22-15-4-1-10-16-24-17-9-11-0,64.60838352277369,15,150
7,8,0-0,0.0,0,140
